dictionary_id	entry	slug	source_filename
2	aia 2	aia-2	aiare.wav
3	aiarewu	aiarewu	aiarewu.wav
5	aimo	aimo	taimo.webm
6	aiwo	aiwo	aiwo.webm
7	aka1	aka1	aka.wav
8	aka2	aka2	aka.wav
9	aka3	aka3	aka.wav
10	akagado	akagado	akadadoji.webm
11	akedudo	akedudo	akedudo.webm
12	akigu kodu	akigu-kodu	akigudodu.webm
13	akirimi	akirimi	akirimi.webm
15	ako 2	ako-2	ako.webm
15	ako 2	ako-2	ako03.webm
16	ako jodo	ako-jodo	akojodo.webm
17	akododu	akododu	akododu.webm
18	akudo	akudo	akudo.webm
20	amo (pl. amoe)	amo-pl-amoe	amo.wav
24	apido	apido	apido.wav
25	apido (vrt. ape apibo)	apido-vrt-ape-apibo	apido.wav
26	apido ai	apido-ai	apidoAi02.wav
26	apido ai	apido-ai	apidoai.wav
27	apidoro	apidoro	apidoro.wav
27	apidoro	apidoro	apidoro02.wav
28	aredo (taredo)	aredo-taredo	aredo.webm
28	aredo (taredo)	aredo-taredo	aredo01.webm
29	arego	arego	arego.wav
29	arego	arego	arego01.wav
35	aria meriri	aria-meriri	ariameririri.webm
36	arigao (pl. arigae ou arigaodoge)	arigao-pl-arigae-ou-arigaodoge	arigao01.wav
38	aroe eceba	aroe-eceba	aroeeceba.webm
39	aroe medubo	aroe-medubo	aroemedubo.webm
40	aroia	aroia	aroia.webm
43	arudae	arudae	arudae.webm
44	atu (pl. atuie)	atu-pl-atuie	atu.wav
47	atugodo	atugodo	atugodo.webm
48	awagu	awagu	awagu.webm
48	awagu	awagu	awagu01.wav
50	awarare	awarare	awarare.webm
51	awu	awu	awu.wav
51	awu	awu	awu01.wav
52	ba 1	ba-1	ba.webm
53	ba 2	ba-2	ba.webm
54	ba 3	ba-3	ba.webm
55	ba 4	ba-4	ba.webm
56	bai	bai	bai.webm
56	bai	bai	bai01.webm
56	bai	bai	iwai.wav
59	bakaigo	bakaigo	bakaiga01.wav
60	bakuru	bakuru	bakuru.webm
60	bakuru	bakuru	bakuru01.wav
61	bamaga baridu	bamaga-baridu	bamagaBaridu.wav
64	barigodu 1	barigodu-1	barigodu.wav
65	barigu	barigu	barigu.wav
65	barigu	barigu	barigu01.wav
66	barogo peguru	barogo-peguru	barogopeguru.webm
67	barogwato	barogwato	barogwato01.wav
69	barudureboe	barudureboe	barudureboe.webm
70	bataru	bataru	bataru.webm
71	bi	bi	bi.webm
71	bi	bi	ibiwo.wav
73	biagodu	biagodu	biagodu.webm
75	biaja bokwa	biaja-bokwa	biajabokwa.webm
76	biaku pegarewu	biaku-pegarewu	biakupegarewu.webm
77	biapaga	biapaga	ibiapagawo.wav
78	bie1	bie1	bie.wav
79	bie2	bie2	bie.wav
80	bigodu1	bigodu1	bigodu.webm
81	bigodu2	bigodu2	bigodu.webm
82	bioro	bioro	biorore.wav
83	biri 1	biri-1	biri.wav
84	biri 2	biri-2	biri.wav
85	biri ta	biri-ta	biriTa.wav
85	biri ta	biri-ta	birita.webm
87	bitu	bitu	bitu.webm
88	boadu	boadu	boaduwo.wav
89	bodo	bodo	bodo.wav
91	boe bo	boe-bo	boebo.wav
92	boe butu (boebutu)	boe-butu-boebutu	boebutu.webm
92	boe butu (boebutu)	boe-butu-boebutu	boebutu00.webm
93	boe co ji	boe-co-ji	boeCoJi.wav
94	boe eiako	boe-eiako	boeeiako.webm
94	boe eiako	boe-eiako	boeeiako00.webm
95	boe eiakodo	boe-eiakodo	boeeiakodo.webm
96	boe ekeja	boe-ekeja	boeekeja.webm
97	boe epegarewuge	boe-epegarewuge	boeepegarewuge.webm
98	Boe etore	boe-etore	boeetore.webm
99	boe ewiri uru	boe-ewiri-uru	boeewiriuru.webm
100	boe ke	boe-ke	boeke.webm
101	boe tugu (boetugu)	boe-tugu-boetugu	boetugu.wav
102	boeragudu (jeragudu)	boeragudu-jeragudu	boeragudu.webm
103	bokigo	bokigo	bokigo.wav
104	bokokuwa	bokokuwa	bokokuwa.webm
104	bokokuwa	bokokuwa	bokokuwa00.webm
106	bokwaro	bokwaro	bokwaro.webm
107	bokwarore	bokwarore	bokwarore.webm
108	bope	bope	bope.webm
109	botugu tabo	botugu-tabo	botugutabo.wav
110	bowuje	bowuje	bowuje.webm
110	bowuje	bowuje	bowuje01.wav
111	bu 1	bu-1	iwu.wav
115	bure rupe	bure-rupe	burerupe.webm
116	iogoduba	iogoduba	igeduba.wav
117	buregi	buregi	buregi.webm
119	ceboje	ceboje	ceboje.wav
121	cinorudo	cinorudo	cinorudo.webm
123	core	core	core.wav
124	tugeru kabiji	tugeru-kabiji	dugeruKabiJi.wav
126	eimejera	eimejera	eimejera.webm
127	ema i	ema-i	ema.webm
128	ema!	ema	ema.webm
129	ema1	ema1	ema.webm
130	ema2	ema2	ema.webm
133	era	era	ikera.wav
133	era	era	ikera01.wav
134	eragu	eragu	eragu.webm
135	erajodo (ierajodo)	erajodo-ierajodo	akrejodoKeje.wav
135	erajodo (ierajodo)	erajodo-ierajodo	erajodo.wav
136	erako (ierako)	erako-ierako	ikerako.wav
137	erareko	erareko	erareko1.wav
137	erareko	erareko	erareko2.wav
138	ere paru akudo	ere-paru-akudo	ereBaraKudo.wav
139	erogeregere	erogeregere	erogeregere.wav
139	erogeregere	erogeregere	erogeregere01.wav
142	iaogaiwu (jaogaiwu ou jaogwaiwu)	iaogaiwu-jaogaiwu-ou-jaogwaiwu	iaogaiwu.wav
143	iaro pemegarewu	iaro-pemegarewu	iaropemegarewu.webm
144	ibora	ibora	ibora.webm
147	iera paru kajejewu	iera-paru-kajejewu	ieraparukajejewu.webm
148	ikera oiadadawu metia bokware	ikera-oiadadawu-metia-bokware	ikeraPudagiduMetiaBokware.wav
150	imedu	imedu	imedu.wav
151	imi	imi	imi.webm
153	ioga	ioga	ioga.wav
154	iogwa	iogwa	iogwa01.wav
155	irá (i ra)	ira-i-ra	ira.webm
156	iragoja	iragoja	iragoja.webm
158	itoru ra	itoru-ra	itorura.wav
160	iura ra (jura ra)	iura-ra-jura-ra	iura.wav
160	iura ra (jura ra)	iura-ra-jura-ra	iura01.wav
162	jaere	jaere	jaere.webm
163	jakare	jakare	jakare.webm
164	jamedu boe	jamedu-boe	jameduBoe.wav
165	jaogwai	jaogwai	ikanapemegarewujaogwai.wav
166	jari (iˈari)	jari-i-ari	jari.webm
167	jawu meri ji	jawu-meri-ji	jawumeriji.wav
168	je 1	je-1	je.webm
169	je 2	je-2	je.webm
170	je 3	je-3	je.webm
171	jekiripagado	jekiripagado	jekiripagado.webm
172	jeredudu	jeredudu	jeredudu01.wav
173	jeri	jeri	jeri.webm
174	jerigi	jerigi	jerigi.webm
176	jerorewu	jerorewu	jerorewu.webm
177	jetu pemegarewu	jetu-pemegarewu	jetupemegarewu.webm
178	jewodu	jewodu	jewodu.webm
179	jodo to	jodo-to	jodoto.webm
180	joku	joku	joku.webm
181	joku bu	joku-bu	jokubu.webm
183	joru	joru	joru.webm
183	joru	joru	joru01.wav
183	joru	joru	joru02.wav
184	joru kejewu	joru-kejewu	jorukejewu.webm
185	joru tugu	joru-tugu	joruTugu.wav
186	jorubo	jorubo	jorubo.webm
187	jorubo kuru	jorubo-kuru	jorubukuru.webm
189	jorudu pegare	jorudu-pegare	jorudupegare.webm
190	jorududu	jorududu	jorududo.wav
191	joruduiwa	joruduiwa	joruduwawo.wav
191	joruduiwa	joruduiwa	joruduwawo1.wav
192	jorudure	jorudure	jorudure.webm
194	ju	ju	ju.webm
197	jukudu	jukudu	jukudu.webm
199	kado	kado	kado.webm
199	kado	kado	kado01.wav
200	kado oiado	kado-oiado	kadooiado.webm
201	kagariga aredu	kagariga-aredu	kagarigaaredu.webm
202	kaibá	kaiba	kaiba.wav
202	kaibá	kaiba	kaiba01.wav
202	kaibá	kaiba	kaiba02.wav
205	kanaiwo	kanaiwo	kanaiwo01.wav
205	kanaiwo	kanaiwo	kaniwo.wav
206	karao	karao	kara.wav
207	kowo	kowo	kawa.wav
208	kaworu	kaworu	kaworu.webm
208	kaworu	kaworu	kaworu00.webm
209	keragu	keragu	keragu.webm
212	kiogo corewu	kiogo-corewu	kiogocorewu.webm
217	kodure	kodure	kodure.webm
218	kogoriga (kagariga)	kogoriga-kagariga	kagariga.webm
218	kogoriga (kagariga)	kogoriga-kagariga	kagariga01.wav
218	kogoriga (kagariga)	kogoriga-kagariga	kogariga.webm
219	koia	koia	koia.webm
220	kojari (kôjari)	kojari-kojari	kojari.webm
221	korao	korao	korao.webm
222	korawu	korawu	korawu.webm
223	kore	kore	kore.wav
223	kore	kore	kore01.wav
224	korobadu	korobadu	korobadure.wav
225	kowaru	kowaru	kowaru.wav
227	kuborogodu	kuborogodu	kuborogodu.wav
228	kudae	kudae	kudae.webm
229	kudu	kudu	ikuduwo.wav
230	kugaru	kugaru	kugaru01.wav
230	kugaru	kugaru	kugaru02.wav
232	kuibokwa (kuribo okwa)	kuibokwa-kuribo-okwa	kuibokwa.webm
233	kuieje	kuieje	kuieje01.wav
233	kuieje	kuieje	kuieje02.wav
234	kuieje (ikuieje)	kuieje-ikuieje	kuieje.webm
235	kumara	kumara	kumara.webm
239	kuri butu	kuri-butu	kuributu.webm
240	kurodureboe	kurodureboe	kurodureboe.webm
241	magaracada	magaracada	magaracada.wav
242	maido	maido	maido.webm
244	maku	maku	maku.webm
247	marugodu peguru	marugodu-peguru	marugoduPeguru.wav
247	marugodu peguru	marugodu-peguru	marugodupeguru.wav
248	mato	mato	mata.wav
248	mato	mato	mato.wav
249	mearudu (meardu)	mearudu-meardu	mearudu.webm
249	mearudu (meardu)	mearudu-meardu	mearudu01.webm
250	mearutoru	mearutoru	mearutoru.webm
251	mekire	mekire	mekire.webm
252	meri jamedu ji	meri-jamedu-ji	merijameduji.webm
253	meri rutu	meri-rutu	merirutu.webm
256	meri3	meri3	meri01.wav
256	meri3	meri3	meri02.wav
258	merire kodu tabo	merire-kodu-tabo	merireKoduTabo.wav
260	meriri jira	meriri-jira	meririJira.wav
261	meriri kuru	meriri-kuru	meririkuru.webm
262	meru1	meru1	meru.wav
264	metu pemegado	metu-pemegado	metupemegado.webm
265	metuia (f. metago pl. metage)	metuia-f-metago-pl-metage	metuia01.wav
265	metuia (f. metago pl. metage)	metuia-f-metago-pl-metage	metuia02.wav
266	mi	mi	mi.webm
266	mi	mi	mi00.webm
267	mito	mito	mito02.wav
269	mokuro kuru	mokuro-kuru	imoguruKuru.wav
270	mokuru kuru tawuje	mokuru-kuru-tawuje	mokurukurutawuje.webm
271	morido	morido	morido.wav
271	morido	morido	morido01.wav
272	morora ra	morora-ra	morora.webm
273	morora1	morora1	morora.webm
274	morora2	morora2	morora.webm
275	moto	moto	moto01.wav
276	moto magadu	moto-magadu	motomagadu.webm
277	moto ri	moto-ri	motori.wav
278	motudu	motudu	motudu.wav
278	motudu	motudu	motudure.wav
279	muga pega	muga-pega	mugapega.wav
280	mugu	mugu	amugudoKeje.wav
280	mugu	mugu	mugu.wav
281	nogwaredu (pl. nogware)	nogwaredu-pl-nogware	nogwaredu.webm
282	nowu1	nowu1	nowu.wav
282	nowu1	nowu1	nowu00.wav
282	nowu1	nowu1	nowu01.wav
283	nowu2	nowu2	nowu.wav
283	nowu2	nowu2	nowu00.wav
283	nowu2	nowu2	nowu01.wav
285	nudu	nudu	inuduwo.wav
286	nuiao	nuiao	nuiao.webm
287	o boe	o-boe	oboe.wav
289	o3	o3	o02.wav
289	o3	o3	o03.wav
289	o3	o3	o3.wav
292	odo	odo	itodoKeje.wav
293	oedo (toˈedo)	oedo-to-edo	toedoJi.wav
294	ogwariwo	ogwariwo	ogwariwo.wav
297	ojá	oja	oja.wav
298	okwa1	okwa1	okwa.webm
298	okwa1	okwa1	okwa02.wav
300	okwa3	okwa3	okwa.webm
300	okwa3	okwa3	okwa02.wav
301	okwage	okwage	inogwagewo.wav
302	okwaji	okwaji	okwaji.webm
303	okwatorurewu	okwatorurewu	okwatorurewu.webm
304	ora	ora	ora.wav
305	ora bu	ora-bu	orabu.webm
306	oredu bire piji	oredu-bire-piji	oredubirepiji.wav
307	orituginai	orituginai	orituginai.wav
308	otodai	otodai	otodai.wav
308	otodai	otodai	otodai.webm
312	pao pega	pao-pega	paopega.wav
313	paro1	paro1	paro.wav
314	paro2	paro2	paro.wav
315	parudo	parudo	parudo.webm
317	peagodu	peagodu	peagoduwo.wav
322	pegajejewu	pegajejewu	pegajejewu.webm
324	pego2	pego2	pego1.wav
324	pego2	pego2	pegore.wav
325	pegodu	pegodu	ipegoduwo.wav
326	pemega	pemega	pemega.webm
327	piora	piora	piora.webm
328	pipi	pipi	pipi.webm
329	pirogo	pirogo	pirogo.wav
329	pirogo	pirogo	pirogu01.wav
330	poari (powari)	poari-powari	poari.wav
330	poari (powari)	poari-powari	powari.webm
332	pobe metuia bokware	pobe-metuia-bokware	pobeMetuiaBokware.wav
333	pobe puibiji	pobe-puibiji	pobePuibiji.wav
335	pobogo	pobogo	pobogo.wav
339	pogurure	pogurure	pogurure.webm
340	poru	poru	iporu.wav
341	poru (pl. porue)	poru-pl-porue	iporu.wav
342	puduga	puduga	puduga.webm
343	pugeje	pugeje	pugeje.webm
344	purekudu	purekudu	purekudu.webm
344	purekudu	purekudu	purekudu01.webm
345	ra (rade)	ra-rade	ra.wav
345	ra (rade)	ra-rade	ra.webm
345	ra (rade)	ra-rade	ra03.wav
346	ra (rare)	ra-rare	ra.wav
346	ra (rare)	ra-rare	ra.webm
346	ra (rare)	ra-rare	ra03.wav
347	ra1	ra1	ra.wav
347	ra1	ra1	ra.webm
347	ra1	ra1	ra03.wav
348	ra2	ra2	ra.wav
348	ra2	ra2	ra.webm
348	ra2	ra2	ra03.wav
349	raka	raka	raka.webm
350	rakakare	rakakare	rakakare.webm
351	rakare	rakare	rakare.webm
352	raru	raru	raru01.wav
352	raru	raru	raru02.wav
353	rawuje	rawuje	rawuje.webm
354	rekodaji	rekodaji	redodaji.webm
355	remagu	remagu	remagu.webm
356	remaguda	remaguda	remagu.webm
357	reore (reure)	reore-reure	reore.webm
358	rerakare	rerakare	rerakare.wav
359	reru	reru	reru.webm
360	ri	ri	ri.webm
361	ri (vrt. de ru)	ri-vrt-de-ru	ri.webm
362	riboa	riboa	riboa.webm
363	ricodo	ricodo	ricodo.webm
365	rore	rore	rore.webm
365	rore	rore	rore02.wav
367	ru2	ru2	ru.webm
368	rugodu	rugodu	rugoduwo.wav
369	rugudu	rugudu	rugudu.webm
370	ruke	ruke	ruke.wav
371	rutu	rutu	rutu.webm
371	rutu	rutu	ruture.wav
372	rutureboe	rutureboe	rutureboe.webm
373	ruwobo	ruwobo	ruwobo.webm
375	tapiradoge	tapiradoge	tapiradoge.webm
376	taroe	taroe	taroe.wav
376	taroe	taroe	taroe01.wav
377	tobaro	tobaro	tobaro.webm
378	tori	tori	tori.webm
380	tori kurirewu	tori-kurirewu	toriKurirewu.wav
381	toriga	toriga	toriga.webm
382	towuje (vrt. to)	towuje-vrt-to	towuje.webm
382	towuje (vrt. to)	towuje-vrt-to	towuje01.webm
383	tu	tu	tu.webm
384	tu	tu	tu.webm
385	tuda	tuda	tuda.webm
386	tudaru	tudaru	tudaru.webm
387	tugo	tugo	tugo01.wav
389	tumugudo keje	tumugudo-keje	tumugudokeje.wav
391	tuwe	tuwe	tuwe.wav
392	tuwotuwu	tuwotuwu	tuwoTuwu.wav
395	utu	utu	utu.webm
396	uwai (pl. uwae)	uwai-pl-uwae	uwai.webm
397	uwobe	uwobe	uwobe.webm
399	boe kaguru	boe-kaguru	boekaguru.webm
528	ako 1	ako-1	ako03.webm
644	aparewu	aparewu	aparewu.webm
758	ataro (otaro)	ataro-otaro	otaro.wav
851	baiga kobore	baiga-kobore	baigakobore.webm
858	baiporo epa	baiporo-epa	baiporo_epa.webm
1021	beregodu	beregodu	beregodu.webm
1111	birikedo	birikedo	birikedore.wav
1249	boe kori 1	boe-kori-1	boe_kori.webm
1250	boe kori 2	boe-kori-2	boe_kori.webm
1329	bokodu	bokodu	bokodure.wav
1341	bopona	bopona	bopona.wav
1351	boro1	boro1	boro.wav
1352	boro2	boro2	boro.wav
1573	joku bokwa	joku-bokwa	joku_bokwa.webm
1988	ipori (kaibori)	ipori-kaibori	kaibori01.wav
2008	itaga	itaga	itaga.wav
2156	jawu ji	jawu-ji	jawuji01.wav
2165	je tadawu	je-tadawu	je_tadawu.webm
2377	jiri	jiri	jirire.wav
2513	kabi	kabi	kabi.wav
2564	kaia	kaia	kaia.wav
2579	kajeje	kajeje	kajeje.webm
2594	kana pemegarewu jaogwai	kana-pemegarewu-jaogwai	ikanaPemegarewuJaogwai.wav
2839	kodo	kodo	kodo.wav
2990	kowu	kowu	kowu.webm
3154	kukaga	kukaga	kukaga.wav
3196	kuri je	kuri-je	kuri_je.webm
3208	kuridogedu (sing. de kuridoge)	kuridogedu-sing-de-kuridoge	x
3285	kurugutugu	kurugutugu	kurugutugu.wav
3308	maegodu (maekodu)	maegodu-maekodu	maegoduOino.wav
3540	metugu	metugu	metugu.wav
3548	micigu	micigu	micigu.webm
3591	moto ri1	moto-ri1	motoRi.wav
3592	motori2	motori2	motoRi.wav
3778	okwabi	okwabi	okwabi.webm
3837	okwamu	okwamu	inogwamu_ji.webm
3858	bokwaro	bokwaro	bokwaro.wav
3876	onaregedu (pl. ore, onarege)	onaregedu-pl-ore-onarege	x
3918	oredu	oredu	inoredumodeTabo.wav
3918	oredu	oredu	oredure.webm
3927	oroe	oroe	inoroeJa.webm
3927	oroe	oroe	inoroe_ja.webm
4116	pegodo	pegodo	pegodo.webm
4128	peguru	peguru	peguru02.webm
4255	poguru	poguru	poguru.wav
4300	pugao	pugao	pugao.wav
4405	reko (rekodu)	reko-rekodu	reko_mato.webm
4615	tada	tada	tada.webm
4616	tada	tada	tada.webm
4636	tapira imedu	tapira-imedu	tapira_imedu.webm
4676	torikodu	torikodu	tori_kodu.webm
4679	toriwudu	toriwudu	toriwudu.webm
4818	amo	amo	amo.wav
4821	aturigigodure	aturigigodure	atsrigigodure.wav
4822	bai oiadadawu	bai-oiadadawu	baiOiadadawu.wav
4822	bai oiadadawu	bai-oiadadawu	boe_oiadadao.webm
4823	barae eno moto	barae-eno-moto	baraeEnoMoto.wav
4824	bataradu	bataradu	boataradu.webm
4825	boe etugu	boe-etugu	boeEtugu.wav
4826	boe kimo	boe-kimo	boeKimo.wav
4827	bokware	bokware	bokware.wav
4828	boware	boware	boware.wav
4829	dobagodu	dobagodu	dobagodu.wav
4830	eimejera kurirewu	eimejera-kurirewu	eimejera_kurirewu.webm
4832	iemaruwo	iemaruwo	iemaruwo.wav
4833	ikera bararedo	ikera-bararedo	ikeraBararedo.wav
4834	iniaore	iniaore	iniaore.wav
4835	itao kororogo	itao-kororogo	itaoKororogo.wav
4836	ikidoru	ikidoru	itidoru.wav
4837	ito ra	ito-ra	ito_ra.webm
4838	ja adurigire	ja-adurigire	jaAdurigire.wav
4839	jawo rekoda ji	jawo-rekoda-ji	jawoRekodaji.wav
4841	joru cere	joru-cere	joru_cere.webm
4842	jorure	jorure	jorure.webm
4844	kamaura	kamaura	kamaura01.wav
4845	kana koboreu jaogwai	kana-koboreu-jaogwai	ikanaPegarewuJawai.wav
4846	keboeiri	keboeiri	keboeiri.webm
4847	ke	ke	kedureJi.wav
4849	kore	kore	kore02.wav
4851	kujedo	kujedo	kujedo.wav
4852	kuredegedo	kuredegedo	kuredegedo.wav
4853	ma	ma	ma.webm
4854	meaogoru	meaogoru	meaoguru.wav
4855	meri boka	meri-boka	meri_boka.webm
4856	meri joku mugure betaiadada	meri-joku-mugure-betaiadada	meriJokuMugureBetaiadada.wav
4857	meri kodu tabo	meri-kodu-tabo	meriKoduTabo.wav
4858	ocarore	ocarore	ocarore.webm
4859	okware	okware	okware.wav
4860	pejo	pejo	pejo.webm
4861	pobaia	pobaia	pobaia.webm
4863	buporira	buporira	poporira.wav
4864	raragodure	raragodure	raraGodure.wav
4865	ruke	ruke	ruke02.wav
4866	tamudo	tamudo	tamudo.webm
4867	tariga kurirewu	tariga-kurirewu	tariga_kurireu.webm
4868	togo	togo	togore.wav
4869	torito ji	torito-ji	toritoji.wav
4871	udo	udo	udo.webm
